{
  "timestamp": "2025-08-07_10-48-19",
  "models": {
    "sklearn_lr": {
      "model_type": "sklearn_lr",
      "model_params": {
        "max_iter": 1000,
        "C": 1.0
      },
      "attack_params": {},
      "target_accuracy": 0.7789473684210526,
      "attack_accuracy": 0.5972222222222222,
      "attack_auc": 0.6062550120288692,
      "attack_precision": 0.675,
      "attack_recall": 0.627906976744186,
      "attack_f1": 0.6506024096385542,
      "confusion_matrix": [
        [
          16,
          13
        ],
        [
          16,
          27
        ]
      ],
      "execution_time": 0.197981595993042,
      "fpr": [
        0.0,
        0.0,
        0.034482758620689655,
        0.034482758620689655,
        0.06896551724137931,
        0.06896551724137931,
        0.06896551724137931,
        0.06896551724137931,
        0.10344827586206896,
        0.1724137931034483,
        0.1724137931034483,
        0.20689655172413793,
        0.20689655172413793,
        0.27586206896551724,
        0.27586206896551724,
        0.3103448275862069,
        0.3103448275862069,
        0.3448275862068966,
        0.3448275862068966,
        0.3793103448275862,
        0.3793103448275862,
        0.41379310344827586,
        0.41379310344827586,
        0.5517241379310345,
        0.5517241379310345,
        0.6551724137931034,
        0.6551724137931034,
        0.6896551724137931,
        0.6896551724137931,
        0.7241379310344828,
        0.7241379310344828,
        0.7586206896551724,
        0.7586206896551724,
        0.8275862068965517,
        0.8275862068965517,
        0.8620689655172413,
        0.8620689655172413,
        0.896551724137931,
        0.896551724137931,
        0.9310344827586207,
        1.0
      ],
      "tpr": [
        0.0,
        0.023255813953488372,
        0.023255813953488372,
        0.11627906976744186,
        0.11627906976744186,
        0.23255813953488372,
        0.27906976744186046,
        0.3023255813953488,
        0.3023255813953488,
        0.3023255813953488,
        0.37209302325581395,
        0.37209302325581395,
        0.4186046511627907,
        0.4186046511627907,
        0.46511627906976744,
        0.46511627906976744,
        0.5116279069767442,
        0.5116279069767442,
        0.5348837209302325,
        0.5348837209302325,
        0.6046511627906976,
        0.6046511627906976,
        0.627906976744186,
        0.627906976744186,
        0.6511627906976745,
        0.6511627906976745,
        0.6744186046511628,
        0.7209302325581395,
        0.7441860465116279,
        0.7441860465116279,
        0.7906976744186046,
        0.7906976744186046,
        0.8372093023255814,
        0.8372093023255814,
        0.9069767441860465,
        0.9069767441860465,
        0.9302325581395349,
        0.9534883720930233,
        0.9767441860465116,
        1.0,
        1.0
      ]
    },
    "psi_lr": {
      "model_type": "psi_lr",
      "model_params": {},
      "attack_params": {},
      "target_accuracy": 0.35789473684210527,
      "attack_accuracy": 0.6111111111111112,
      "attack_auc": 0.6347233360064154,
      "attack_precision": 0.6470588235294118,
      "attack_recall": 0.7674418604651163,
      "attack_f1": 0.7021276595744682,
      "confusion_matrix": [
        [
          11,
          18
        ],
        [
          10,
          33
        ]
      ],
      "execution_time": 10.13985300064087,
      "fpr": [
        0.0,
        0.06896551724137931,
        0.10344827586206896,
        0.10344827586206896,
        0.10344827586206896,
        0.10344827586206896,
        0.13793103448275862,
        0.13793103448275862,
        0.1724137931034483,
        0.1724137931034483,
        0.27586206896551724,
        0.27586206896551724,
        0.27586206896551724,
        0.27586206896551724,
        0.3103448275862069,
        0.3103448275862069,
        0.3448275862068966,
        0.3448275862068966,
        0.41379310344827586,
        0.41379310344827586,
        0.41379310344827586,
        0.4482758620689655,
        0.4482758620689655,
        0.5172413793103449,
        0.5172413793103449,
        0.6206896551724138,
        0.6206896551724138,
        0.6896551724137931,
        0.6896551724137931,
        0.7241379310344828,
        0.7586206896551724,
        0.7931034482758621,
        0.7931034482758621,
        1.0,
        1.0
      ],
      "tpr": [
        0.0,
        0.023255813953488372,
        0.023255813953488372,
        0.046511627906976744,
        0.11627906976744186,
        0.2558139534883721,
        0.2558139534883721,
        0.27906976744186046,
        0.27906976744186046,
        0.4186046511627907,
        0.4186046511627907,
        0.4418604651162791,
        0.4883720930232558,
        0.5348837209302325,
        0.5348837209302325,
        0.5581395348837209,
        0.5581395348837209,
        0.5813953488372093,
        0.5813953488372093,
        0.6046511627906976,
        0.6511627906976745,
        0.6511627906976745,
        0.6976744186046512,
        0.6976744186046512,
        0.7674418604651163,
        0.7674418604651163,
        0.813953488372093,
        0.813953488372093,
        0.8604651162790697,
        0.8604651162790697,
        0.8837209302325582,
        0.8837209302325582,
        0.9534883720930233,
        0.9534883720930233,
        1.0
      ]
    }
  },
  "summary": {
    "sklearn_accuracy": 0.7789473684210526,
    "psi_accuracy": 0.35789473684210527,
    "sklearn_attack_accuracy": 0.5972222222222222,
    "psi_attack_accuracy": 0.6111111111111112,
    "accuracy_difference": 0.42105263157894735,
    "attack_reduction": -0.01388888888888895,
    "attack_reduction_pct": -2.3255813953488476,
    "accuracy_reduction_pct": 54.054054054054056,
    "meets_requirement": false
  },
  "dataset": "pcs"
}