{
  "timestamp": "2025-08-07_17-30-41",
  "models": {
    "sklearn_lr": {
      "model_type": "sklearn_lr",
      "model_params": {
        "max_iter": 1000,
        "C": 1.0
      },
      "attack_params": {},
      "attack_accuracy": 0.5,
      "attack_auc": 0.504410585404972,
      "attack_precision": 0.5660377358490566,
      "attack_recall": 0.6976744186046512,
      "attack_f1": 0.625,
      "confusion_matrix": [
        [
          6,
          23
        ],
        [
          13,
          30
        ]
      ],
      "execution_time": 0.19313740730285645,
      "fpr": [
        0.0,
        0.034482758620689655,
        0.034482758620689655,
        0.034482758620689655,
        0.06896551724137931,
        0.06896551724137931,
        0.10344827586206896,
        0.10344827586206896,
        0.1724137931034483,
        0.1724137931034483,
        0.1724137931034483,
        0.1724137931034483,
        0.20689655172413793,
        0.20689655172413793,
        0.3103448275862069,
        0.3103448275862069,
        0.41379310344827586,
        0.41379310344827586,
        0.4827586206896552,
        0.5517241379310345,
        0.5862068965517241,
        0.5862068965517241,
        0.6551724137931034,
        0.6551724137931034,
        0.7931034482758621,
        0.7931034482758621,
        0.8275862068965517,
        0.8275862068965517,
        0.8620689655172413,
        0.8620689655172413,
        0.9310344827586207,
        0.9310344827586207,
        0.9655172413793104,
        0.9655172413793104,
        1.0,
        1.0
      ],
      "tpr": [
        0.0,
        0.023255813953488372,
        0.06976744186046512,
        0.13953488372093023,
        0.13953488372093023,
        0.16279069767441862,
        0.16279069767441862,
        0.23255813953488372,
        0.23255813953488372,
        0.27906976744186046,
        0.32558139534883723,
        0.3488372093023256,
        0.3488372093023256,
        0.3953488372093023,
        0.3953488372093023,
        0.46511627906976744,
        0.46511627906976744,
        0.4883720930232558,
        0.4883720930232558,
        0.4883720930232558,
        0.4883720930232558,
        0.5348837209302325,
        0.5348837209302325,
        0.5813953488372093,
        0.5813953488372093,
        0.6976744186046512,
        0.6976744186046512,
        0.7674418604651163,
        0.7674418604651163,
        0.8604651162790697,
        0.8604651162790697,
        0.9069767441860465,
        0.9302325581395349,
        0.9767441860465116,
        0.9767441860465116,
        1.0
      ]
    },
    "psi_lr": {
      "model_type": "psi_lr",
      "model_params": {},
      "attack_params": {},
      "attack_accuracy": 0.5277777777777778,
      "attack_auc": 0.40216519647153165,
      "attack_precision": 0.5882352941176471,
      "attack_recall": 0.6976744186046512,
      "attack_f1": 0.6382978723404256,
      "confusion_matrix": [
        [
          8,
          21
        ],
        [
          13,
          30
        ]
      ],
      "execution_time": 10.149385452270508,
      "fpr": [
        0.0,
        0.06896551724137931,
        0.13793103448275862,
        0.13793103448275862,
        0.13793103448275862,
        0.1724137931034483,
        0.1724137931034483,
        0.20689655172413793,
        0.20689655172413793,
        0.27586206896551724,
        0.3448275862068966,
        0.3793103448275862,
        0.3793103448275862,
        0.5172413793103449,
        0.5172413793103449,
        0.5517241379310345,
        0.5517241379310345,
        0.5862068965517241,
        0.5862068965517241,
        0.6206896551724138,
        0.6206896551724138,
        0.6551724137931034,
        0.6551724137931034,
        0.6896551724137931,
        0.6896551724137931,
        0.7241379310344828,
        0.7241379310344828,
        0.7586206896551724,
        0.7586206896551724,
        0.8275862068965517,
        0.8275862068965517,
        0.896551724137931,
        0.9655172413793104,
        0.9655172413793104,
        1.0,
        1.0
      ],
      "tpr": [
        0.0,
        0.023255813953488372,
        0.023255813953488372,
        0.06976744186046512,
        0.11627906976744186,
        0.11627906976744186,
        0.16279069767441862,
        0.16279069767441862,
        0.18604651162790697,
        0.18604651162790697,
        0.18604651162790697,
        0.18604651162790697,
        0.20930232558139536,
        0.20930232558139536,
        0.2558139534883721,
        0.2558139534883721,
        0.3023255813953488,
        0.32558139534883723,
        0.3488372093023256,
        0.37209302325581395,
        0.4186046511627907,
        0.4186046511627907,
        0.5116279069767442,
        0.5348837209302325,
        0.6511627906976745,
        0.6511627906976745,
        0.7441860465116279,
        0.7441860465116279,
        0.8604651162790697,
        0.8604651162790697,
        0.9069767441860465,
        0.9069767441860465,
        0.9069767441860465,
        0.9302325581395349,
        0.9302325581395349,
        1.0
      ]
    }
  },
  "summary": {
    "sklearn_attack_accuracy": 0.5,
    "psi_attack_accuracy": 0.5277777777777778,
    "attack_reduction": -0.02777777777777779,
    "attack_reduction_pct": -5.555555555555558,
    "meets_requirement": false
  },
  "dataset": "pcs"
}