{
  "timestamp": "2025-08-07_17-29-21",
  "models": {
    "sklearn_lr": {
      "model_type": "sklearn_lr",
      "model_params": {
        "max_iter": 1000,
        "C": 1.0
      },
      "attack_params": {},
      "attack_accuracy": 0.5277777777777778,
      "attack_auc": 0.5561347233360064,
      "attack_precision": 0.5957446808510638,
      "attack_recall": 0.6511627906976745,
      "attack_f1": 0.6222222222222222,
      "confusion_matrix": [
        [
          10,
          19
        ],
        [
          15,
          28
        ]
      ],
      "execution_time": 0.19504094123840332,
      "fpr": [
        0.0,
        0.0,
        0.0,
        0.034482758620689655,
        0.034482758620689655,
        0.06896551724137931,
        0.06896551724137931,
        0.1724137931034483,
        0.2413793103448276,
        0.27586206896551724,
        0.27586206896551724,
        0.3103448275862069,
        0.3103448275862069,
        0.3448275862068966,
        0.3448275862068966,
        0.3793103448275862,
        0.3793103448275862,
        0.41379310344827586,
        0.41379310344827586,
        0.4827586206896552,
        0.4827586206896552,
        0.5172413793103449,
        0.5172413793103449,
        0.5517241379310345,
        0.5517241379310345,
        0.5862068965517241,
        0.5862068965517241,
        0.6551724137931034,
        0.6551724137931034,
        0.6896551724137931,
        0.6896551724137931,
        0.7241379310344828,
        0.7241379310344828,
        0.7586206896551724,
        0.7586206896551724,
        0.7931034482758621,
        0.896551724137931,
        0.896551724137931,
        0.9310344827586207,
        0.9310344827586207,
        0.9655172413793104,
        0.9655172413793104,
        1.0,
        1.0
      ],
      "tpr": [
        0.0,
        0.023255813953488372,
        0.09302325581395349,
        0.09302325581395349,
        0.13953488372093023,
        0.16279069767441862,
        0.23255813953488372,
        0.23255813953488372,
        0.23255813953488372,
        0.23255813953488372,
        0.2558139534883721,
        0.27906976744186046,
        0.3953488372093023,
        0.3953488372093023,
        0.4186046511627907,
        0.4186046511627907,
        0.46511627906976744,
        0.46511627906976744,
        0.5581395348837209,
        0.5581395348837209,
        0.5813953488372093,
        0.5813953488372093,
        0.6046511627906976,
        0.6046511627906976,
        0.627906976744186,
        0.627906976744186,
        0.6511627906976745,
        0.6511627906976745,
        0.6976744186046512,
        0.6976744186046512,
        0.7209302325581395,
        0.7441860465116279,
        0.813953488372093,
        0.813953488372093,
        0.8604651162790697,
        0.9069767441860465,
        0.9069767441860465,
        0.9302325581395349,
        0.9302325581395349,
        0.9534883720930233,
        0.9534883720930233,
        0.9767441860465116,
        0.9767441860465116,
        1.0
      ]
    },
    "psi_lr": {
      "model_type": "psi_lr",
      "model_params": {},
      "attack_params": {},
      "attack_accuracy": 0.5,
      "attack_auc": 0.4402566158781075,
      "attack_precision": 0.5686274509803921,
      "attack_recall": 0.6744186046511628,
      "attack_f1": 0.6170212765957446,
      "confusion_matrix": [
        [
          7,
          22
        ],
        [
          14,
          29
        ]
      ],
      "execution_time": 9.846015453338623,
      "fpr": [
        0.0,
        0.0,
        0.10344827586206896,
        0.10344827586206896,
        0.13793103448275862,
        0.13793103448275862,
        0.1724137931034483,
        0.1724137931034483,
        0.20689655172413793,
        0.27586206896551724,
        0.27586206896551724,
        0.41379310344827586,
        0.41379310344827586,
        0.4827586206896552,
        0.4827586206896552,
        0.5172413793103449,
        0.5517241379310345,
        0.5517241379310345,
        0.5862068965517241,
        0.5862068965517241,
        0.6896551724137931,
        0.6896551724137931,
        0.7586206896551724,
        0.7931034482758621,
        0.8275862068965517,
        0.8275862068965517,
        0.9310344827586207,
        0.9310344827586207,
        0.9310344827586207,
        0.9655172413793104,
        0.9655172413793104,
        0.9655172413793104,
        0.9655172413793104,
        1.0,
        1.0
      ],
      "tpr": [
        0.0,
        0.046511627906976744,
        0.046511627906976744,
        0.13953488372093023,
        0.13953488372093023,
        0.16279069767441862,
        0.16279069767441862,
        0.18604651162790697,
        0.20930232558139536,
        0.20930232558139536,
        0.3023255813953488,
        0.3023255813953488,
        0.37209302325581395,
        0.37209302325581395,
        0.4186046511627907,
        0.46511627906976744,
        0.46511627906976744,
        0.4883720930232558,
        0.4883720930232558,
        0.5581395348837209,
        0.5581395348837209,
        0.6744186046511628,
        0.6744186046511628,
        0.6976744186046512,
        0.6976744186046512,
        0.7209302325581395,
        0.7209302325581395,
        0.7674418604651163,
        0.813953488372093,
        0.813953488372093,
        0.8837209302325582,
        0.9302325581395349,
        0.9767441860465116,
        0.9767441860465116,
        1.0
      ]
    }
  },
  "summary": {
    "sklearn_attack_accuracy": 0.5277777777777778,
    "psi_attack_accuracy": 0.5,
    "attack_reduction": 0.02777777777777779,
    "attack_reduction_pct": 5.263157894736844,
    "meets_requirement": false
  },
  "dataset": "pcs"
}