{
  "timestamp": "2025-08-07_17-07-34",
  "models": {
    "sklearn_lr": {
      "model_type": "sklearn_lr",
      "model_params": {
        "max_iter": 1000,
        "C": 1.0
      },
      "attack_params": {},
      "attack_accuracy": 0.5833333333333334,
      "attack_auc": 0.6230954290296713,
      "attack_precision": 0.6226415094339622,
      "attack_recall": 0.7674418604651163,
      "attack_f1": 0.6875,
      "confusion_matrix": [
        [
          9,
          20
        ],
        [
          10,
          33
        ]
      ],
      "execution_time": 0.19634056091308594,
      "fpr": [
        0.0,
        0.0,
        0.0,
        0.034482758620689655,
        0.034482758620689655,
        0.034482758620689655,
        0.06896551724137931,
        0.06896551724137931,
        0.10344827586206896,
        0.10344827586206896,
        0.1724137931034483,
        0.1724137931034483,
        0.1724137931034483,
        0.1724137931034483,
        0.20689655172413793,
        0.20689655172413793,
        0.2413793103448276,
        0.2413793103448276,
        0.3448275862068966,
        0.3448275862068966,
        0.3793103448275862,
        0.3793103448275862,
        0.41379310344827586,
        0.5172413793103449,
        0.5172413793103449,
        0.5517241379310345,
        0.5517241379310345,
        0.7241379310344828,
        0.7241379310344828,
        0.8275862068965517,
        0.8275862068965517,
        0.9310344827586207,
        0.9310344827586207,
        0.9655172413793104,
        0.9655172413793104,
        1.0
      ],
      "tpr": [
        0.0,
        0.023255813953488372,
        0.06976744186046512,
        0.09302325581395349,
        0.13953488372093023,
        0.18604651162790697,
        0.18604651162790697,
        0.2558139534883721,
        0.2558139534883721,
        0.27906976744186046,
        0.27906976744186046,
        0.32558139534883723,
        0.37209302325581395,
        0.3953488372093023,
        0.3953488372093023,
        0.4418604651162791,
        0.4418604651162791,
        0.4883720930232558,
        0.4883720930232558,
        0.6046511627906976,
        0.6046511627906976,
        0.627906976744186,
        0.6511627906976745,
        0.6511627906976745,
        0.6976744186046512,
        0.6976744186046512,
        0.7674418604651163,
        0.7674418604651163,
        0.7906976744186046,
        0.7906976744186046,
        0.8837209302325582,
        0.8837209302325582,
        0.9069767441860465,
        0.9534883720930233,
        1.0,
        1.0
      ]
    },
    "psi_lr": {
      "model_type": "psi_lr",
      "model_params": {},
      "attack_params": {},
      "attack_accuracy": 0.5138888888888888,
      "attack_auc": 0.45950280673616684,
      "attack_precision": 0.5769230769230769,
      "attack_recall": 0.6976744186046512,
      "attack_f1": 0.631578947368421,
      "confusion_matrix": [
        [
          7,
          22
        ],
        [
          13,
          30
        ]
      ],
      "execution_time": 8.953778982162476,
      "fpr": [
        0.0,
        0.0,
        0.0,
        0.0,
        0.06896551724137931,
        0.06896551724137931,
        0.06896551724137931,
        0.06896551724137931,
        0.10344827586206896,
        0.10344827586206896,
        0.1724137931034483,
        0.1724137931034483,
        0.2413793103448276,
        0.2413793103448276,
        0.27586206896551724,
        0.27586206896551724,
        0.3103448275862069,
        0.3103448275862069,
        0.3793103448275862,
        0.3793103448275862,
        0.41379310344827586,
        0.41379310344827586,
        0.4482758620689655,
        0.4482758620689655,
        0.5862068965517241,
        0.5862068965517241,
        0.6206896551724138,
        0.6206896551724138,
        0.6896551724137931,
        0.6896551724137931,
        0.7241379310344828,
        0.7241379310344828,
        0.7586206896551724,
        0.7586206896551724,
        0.8620689655172413,
        0.8620689655172413,
        0.9310344827586207,
        0.9310344827586207,
        0.9655172413793104,
        0.9655172413793104,
        1.0,
        1.0
      ],
      "tpr": [
        0.0,
        0.023255813953488372,
        0.046511627906976744,
        0.09302325581395349,
        0.09302325581395349,
        0.11627906976744186,
        0.16279069767441862,
        0.18604651162790697,
        0.18604651162790697,
        0.20930232558139536,
        0.20930232558139536,
        0.23255813953488372,
        0.23255813953488372,
        0.2558139534883721,
        0.2558139534883721,
        0.3023255813953488,
        0.3023255813953488,
        0.32558139534883723,
        0.32558139534883723,
        0.3488372093023256,
        0.3488372093023256,
        0.37209302325581395,
        0.37209302325581395,
        0.4186046511627907,
        0.4186046511627907,
        0.46511627906976744,
        0.46511627906976744,
        0.5581395348837209,
        0.5581395348837209,
        0.6046511627906976,
        0.6046511627906976,
        0.627906976744186,
        0.627906976744186,
        0.7209302325581395,
        0.7209302325581395,
        0.8372093023255814,
        0.8372093023255814,
        0.8837209302325582,
        0.8837209302325582,
        0.9302325581395349,
        0.9302325581395349,
        1.0
      ]
    }
  },
  "summary": {
    "sklearn_attack_accuracy": 0.5833333333333334,
    "psi_attack_accuracy": 0.5138888888888888,
    "attack_reduction": 0.06944444444444453,
    "attack_reduction_pct": 11.90476190476192,
    "meets_requirement": false
  },
  "dataset": "pcs"
}