{
  "timestamp": "2025-08-07_10-56-38",
  "models": {
    "sklearn_lr": {
      "model_type": "sklearn_lr",
      "model_params": {
        "max_iter": 1000,
        "C": 1.0
      },
      "attack_params": {},
      "target_accuracy": 0.7789473684210526,
      "attack_accuracy": 0.5555555555555556,
      "attack_auc": 0.43945469125902165,
      "attack_precision": 0.627906976744186,
      "attack_recall": 0.627906976744186,
      "attack_f1": 0.627906976744186,
      "confusion_matrix": [
        [
          13,
          16
        ],
        [
          16,
          27
        ]
      ],
      "execution_time": 0.21361756324768066,
      "fpr": [
        0.0,
        0.034482758620689655,
        0.06896551724137931,
        0.06896551724137931,
        0.10344827586206896,
        0.20689655172413793,
        0.3103448275862069,
        0.3103448275862069,
        0.3448275862068966,
        0.3448275862068966,
        0.3793103448275862,
        0.3793103448275862,
        0.4482758620689655,
        0.4482758620689655,
        0.4827586206896552,
        0.4827586206896552,
        0.4827586206896552,
        0.4827586206896552,
        0.5172413793103449,
        0.5172413793103449,
        0.5517241379310345,
        0.5517241379310345,
        0.5862068965517241,
        0.5862068965517241,
        0.6206896551724138,
        0.6551724137931034,
        0.6551724137931034,
        0.7241379310344828,
        0.7241379310344828,
        0.7586206896551724,
        0.7586206896551724,
        0.8275862068965517,
        0.8275862068965517,
        0.9655172413793104,
        0.9655172413793104,
        1.0,
        1.0
      ],
      "tpr": [
        0.0,
        0.0,
        0.0,
        0.023255813953488372,
        0.046511627906976744,
        0.046511627906976744,
        0.046511627906976744,
        0.06976744186046512,
        0.06976744186046512,
        0.09302325581395349,
        0.09302325581395349,
        0.3488372093023256,
        0.3488372093023256,
        0.3953488372093023,
        0.3953488372093023,
        0.4418604651162791,
        0.4883720930232558,
        0.5581395348837209,
        0.5581395348837209,
        0.5813953488372093,
        0.5813953488372093,
        0.627906976744186,
        0.627906976744186,
        0.6511627906976745,
        0.6511627906976745,
        0.6744186046511628,
        0.6976744186046512,
        0.6976744186046512,
        0.7209302325581395,
        0.7209302325581395,
        0.813953488372093,
        0.813953488372093,
        0.8604651162790697,
        0.8604651162790697,
        0.9069767441860465,
        0.9069767441860465,
        1.0
      ]
    },
    "psi_lr": {
      "model_type": "psi_lr",
      "model_params": {},
      "attack_params": {},
      "target_accuracy": 0.4631578947368421,
      "attack_accuracy": 0.4444444444444444,
      "attack_auc": 0.343223736968725,
      "attack_precision": 0.5294117647058824,
      "attack_recall": 0.627906976744186,
      "attack_f1": 0.5744680851063829,
      "confusion_matrix": [
        [
          5,
          24
        ],
        [
          16,
          27
        ]
      ],
      "execution_time": 9.083725929260254,
      "fpr": [
        0.0,
        0.0,
        0.034482758620689655,
        0.06896551724137931,
        0.13793103448275862,
        0.13793103448275862,
        0.13793103448275862,
        0.20689655172413793,
        0.20689655172413793,
        0.2413793103448276,
        0.2413793103448276,
        0.3103448275862069,
        0.3103448275862069,
        0.3448275862068966,
        0.41379310344827586,
        0.4482758620689655,
        0.4482758620689655,
        0.6206896551724138,
        0.6206896551724138,
        0.6551724137931034,
        0.7241379310344828,
        0.7241379310344828,
        0.7586206896551724,
        0.7586206896551724,
        0.7931034482758621,
        0.7931034482758621,
        0.8275862068965517,
        0.8275862068965517,
        0.8620689655172413,
        0.8620689655172413,
        0.896551724137931,
        0.896551724137931,
        0.9310344827586207,
        0.9310344827586207,
        1.0,
        1.0
      ],
      "tpr": [
        0.0,
        0.023255813953488372,
        0.046511627906976744,
        0.046511627906976744,
        0.046511627906976744,
        0.09302325581395349,
        0.11627906976744186,
        0.11627906976744186,
        0.13953488372093023,
        0.13953488372093023,
        0.16279069767441862,
        0.16279069767441862,
        0.18604651162790697,
        0.18604651162790697,
        0.18604651162790697,
        0.18604651162790697,
        0.2558139534883721,
        0.2558139534883721,
        0.3953488372093023,
        0.3953488372093023,
        0.4418604651162791,
        0.4883720930232558,
        0.4883720930232558,
        0.5348837209302325,
        0.5348837209302325,
        0.6046511627906976,
        0.627906976744186,
        0.6744186046511628,
        0.6744186046511628,
        0.7441860465116279,
        0.7441860465116279,
        0.813953488372093,
        0.813953488372093,
        0.9767441860465116,
        0.9767441860465116,
        1.0
      ]
    }
  },
  "summary": {
    "sklearn_accuracy": 0.7789473684210526,
    "psi_accuracy": 0.4631578947368421,
    "sklearn_attack_accuracy": 0.5555555555555556,
    "psi_attack_accuracy": 0.4444444444444444,
    "accuracy_difference": 0.3157894736842105,
    "attack_reduction": 0.11111111111111116,
    "attack_reduction_pct": 20.000000000000007,
    "accuracy_reduction_pct": 40.54054054054054,
    "meets_requirement": false
  },
  "dataset": "pcs"
}