{
  "timestamp": "2025-08-07_17-29-58",
  "models": {
    "sklearn_lr": {
      "model_type": "sklearn_lr",
      "model_params": {
        "max_iter": 1000,
        "C": 1.0
      },
      "attack_params": {},
      "attack_accuracy": 0.5277777777777778,
      "attack_auc": 0.5421010425020049,
      "attack_precision": 0.6097560975609756,
      "attack_recall": 0.5813953488372093,
      "attack_f1": 0.5952380952380952,
      "confusion_matrix": [
        [
          13,
          16
        ],
        [
          18,
          25
        ]
      ],
      "execution_time": 0.19635367393493652,
      "fpr": [
        0.0,
        0.034482758620689655,
        0.034482758620689655,
        0.13793103448275862,
        0.1724137931034483,
        0.1724137931034483,
        0.2413793103448276,
        0.2413793103448276,
        0.41379310344827586,
        0.41379310344827586,
        0.4827586206896552,
        0.4827586206896552,
        0.4827586206896552,
        0.5172413793103449,
        0.5172413793103449,
        0.5517241379310345,
        0.5517241379310345,
        0.5862068965517241,
        0.5862068965517241,
        0.6206896551724138,
        0.6206896551724138,
        0.6551724137931034,
        0.6551724137931034,
        0.7586206896551724,
        0.7586206896551724,
        0.7931034482758621,
        0.7931034482758621,
        0.8275862068965517,
        0.8275862068965517,
        0.8620689655172413,
        0.8620689655172413,
        0.896551724137931,
        0.896551724137931,
        0.9655172413793104,
        0.9655172413793104,
        1.0,
        1.0
      ],
      "tpr": [
        0.0,
        0.023255813953488372,
        0.13953488372093023,
        0.13953488372093023,
        0.16279069767441862,
        0.32558139534883723,
        0.32558139534883723,
        0.4186046511627907,
        0.4186046511627907,
        0.46511627906976744,
        0.46511627906976744,
        0.4883720930232558,
        0.5348837209302325,
        0.5348837209302325,
        0.5813953488372093,
        0.5813953488372093,
        0.6046511627906976,
        0.6046511627906976,
        0.6744186046511628,
        0.6744186046511628,
        0.6976744186046512,
        0.6976744186046512,
        0.7209302325581395,
        0.7209302325581395,
        0.7906976744186046,
        0.7906976744186046,
        0.813953488372093,
        0.813953488372093,
        0.8837209302325582,
        0.8837209302325582,
        0.9069767441860465,
        0.9069767441860465,
        0.9302325581395349,
        0.9302325581395349,
        0.9534883720930233,
        0.9534883720930233,
        1.0
      ]
    },
    "psi_lr": {
      "model_type": "psi_lr",
      "model_params": {},
      "attack_params": {},
      "attack_accuracy": 0.6666666666666666,
      "attack_auc": 0.6387329591018444,
      "attack_precision": 0.7111111111111111,
      "attack_recall": 0.7441860465116279,
      "attack_f1": 0.7272727272727273,
      "confusion_matrix": [
        [
          16,
          13
        ],
        [
          11,
          32
        ]
      ],
      "execution_time": 9.931283950805664,
      "fpr": [
        0.0,
        0.0,
        0.0,
        0.0,
        0.034482758620689655,
        0.034482758620689655,
        0.10344827586206896,
        0.10344827586206896,
        0.13793103448275862,
        0.13793103448275862,
        0.1724137931034483,
        0.1724137931034483,
        0.20689655172413793,
        0.20689655172413793,
        0.2413793103448276,
        0.3103448275862069,
        0.3103448275862069,
        0.3448275862068966,
        0.3448275862068966,
        0.3793103448275862,
        0.3793103448275862,
        0.41379310344827586,
        0.41379310344827586,
        0.4482758620689655,
        0.4482758620689655,
        0.4827586206896552,
        0.4827586206896552,
        0.5172413793103449,
        0.5172413793103449,
        0.6206896551724138,
        0.6206896551724138,
        0.7241379310344828,
        0.7241379310344828,
        0.7586206896551724,
        0.7586206896551724,
        0.7931034482758621,
        0.7931034482758621,
        0.9310344827586207,
        0.9310344827586207,
        1.0
      ],
      "tpr": [
        0.0,
        0.06976744186046512,
        0.11627906976744186,
        0.16279069767441862,
        0.16279069767441862,
        0.23255813953488372,
        0.23255813953488372,
        0.2558139534883721,
        0.2558139534883721,
        0.27906976744186046,
        0.27906976744186046,
        0.3023255813953488,
        0.3023255813953488,
        0.3488372093023256,
        0.37209302325581395,
        0.37209302325581395,
        0.3953488372093023,
        0.3953488372093023,
        0.4186046511627907,
        0.4186046511627907,
        0.5348837209302325,
        0.5348837209302325,
        0.6046511627906976,
        0.6046511627906976,
        0.7441860465116279,
        0.7441860465116279,
        0.7674418604651163,
        0.7674418604651163,
        0.7906976744186046,
        0.7906976744186046,
        0.8372093023255814,
        0.8372093023255814,
        0.8837209302325582,
        0.8837209302325582,
        0.9069767441860465,
        0.9069767441860465,
        0.9534883720930233,
        0.9534883720930233,
        1.0,
        1.0
      ]
    }
  },
  "summary": {
    "sklearn_attack_accuracy": 0.5277777777777778,
    "psi_attack_accuracy": 0.6666666666666666,
    "attack_reduction": -0.13888888888888884,
    "attack_reduction_pct": -26.315789473684198,
    "meets_requirement": false
  },
  "dataset": "pcs"
}