{
  "timestamp": "2025-08-07_17-31-01",
  "models": {
    "sklearn_lr": {
      "model_type": "sklearn_lr",
      "model_params": {
        "max_iter": 1000,
        "C": 1.0
      },
      "attack_params": {},
      "attack_accuracy": 0.5972222222222222,
      "attack_auc": 0.5216519647153168,
      "attack_precision": 0.6521739130434783,
      "attack_recall": 0.6976744186046512,
      "attack_f1": 0.6741573033707865,
      "confusion_matrix": [
        [
          13,
          16
        ],
        [
          13,
          30
        ]
      ],
      "execution_time": 0.19501256942749023,
      "fpr": [
        0.0,
        0.0,
        0.0,
        0.06896551724137931,
        0.06896551724137931,
        0.1724137931034483,
        0.1724137931034483,
        0.20689655172413793,
        0.20689655172413793,
        0.2413793103448276,
        0.3103448275862069,
        0.3448275862068966,
        0.3448275862068966,
        0.3793103448275862,
        0.3793103448275862,
        0.41379310344827586,
        0.41379310344827586,
        0.4482758620689655,
        0.4482758620689655,
        0.4482758620689655,
        0.4482758620689655,
        0.4827586206896552,
        0.4827586206896552,
        0.5517241379310345,
        0.5517241379310345,
        0.5862068965517241,
        0.5862068965517241,
        0.6206896551724138,
        0.6896551724137931,
        0.8620689655172413,
        0.8620689655172413,
        0.896551724137931,
        0.896551724137931,
        1.0
      ],
      "tpr": [
        0.0,
        0.023255813953488372,
        0.046511627906976744,
        0.046511627906976744,
        0.06976744186046512,
        0.06976744186046512,
        0.13953488372093023,
        0.13953488372093023,
        0.18604651162790697,
        0.18604651162790697,
        0.18604651162790697,
        0.18604651162790697,
        0.23255813953488372,
        0.23255813953488372,
        0.3023255813953488,
        0.3023255813953488,
        0.3488372093023256,
        0.3953488372093023,
        0.4186046511627907,
        0.46511627906976744,
        0.4883720930232558,
        0.4883720930232558,
        0.6976744186046512,
        0.6976744186046512,
        0.7209302325581395,
        0.7209302325581395,
        0.8372093023255814,
        0.8372093023255814,
        0.8372093023255814,
        0.8372093023255814,
        0.8604651162790697,
        0.8837209302325582,
        0.9069767441860465,
        1.0
      ]
    },
    "psi_lr": {
      "model_type": "psi_lr",
      "model_params": {},
      "attack_params": {},
      "attack_accuracy": 0.5416666666666666,
      "attack_auc": 0.49278267842822776,
      "attack_precision": 0.6,
      "attack_recall": 0.6976744186046512,
      "attack_f1": 0.6451612903225806,
      "confusion_matrix": [
        [
          9,
          20
        ],
        [
          13,
          30
        ]
      ],
      "execution_time": 9.34751033782959,
      "fpr": [
        0.0,
        0.034482758620689655,
        0.034482758620689655,
        0.06896551724137931,
        0.13793103448275862,
        0.13793103448275862,
        0.20689655172413793,
        0.20689655172413793,
        0.27586206896551724,
        0.27586206896551724,
        0.3103448275862069,
        0.3103448275862069,
        0.3448275862068966,
        0.3448275862068966,
        0.41379310344827586,
        0.41379310344827586,
        0.4482758620689655,
        0.4482758620689655,
        0.4827586206896552,
        0.4827586206896552,
        0.5172413793103449,
        0.5172413793103449,
        0.5172413793103449,
        0.5517241379310345,
        0.5517241379310345,
        0.5862068965517241,
        0.5862068965517241,
        0.6896551724137931,
        0.6896551724137931,
        0.7931034482758621,
        0.7931034482758621,
        0.8275862068965517,
        0.8275862068965517,
        0.8620689655172413,
        0.8620689655172413,
        0.896551724137931,
        0.896551724137931,
        0.9310344827586207,
        0.9310344827586207,
        0.9655172413793104,
        1.0
      ],
      "tpr": [
        0.0,
        0.0,
        0.023255813953488372,
        0.046511627906976744,
        0.046511627906976744,
        0.06976744186046512,
        0.06976744186046512,
        0.09302325581395349,
        0.11627906976744186,
        0.20930232558139536,
        0.20930232558139536,
        0.32558139534883723,
        0.3488372093023256,
        0.3953488372093023,
        0.3953488372093023,
        0.4418604651162791,
        0.4418604651162791,
        0.46511627906976744,
        0.46511627906976744,
        0.5348837209302325,
        0.5581395348837209,
        0.6046511627906976,
        0.627906976744186,
        0.627906976744186,
        0.6511627906976745,
        0.6511627906976745,
        0.6744186046511628,
        0.6744186046511628,
        0.7674418604651163,
        0.7674418604651163,
        0.813953488372093,
        0.813953488372093,
        0.8372093023255814,
        0.8372093023255814,
        0.9069767441860465,
        0.9069767441860465,
        0.9302325581395349,
        0.9302325581395349,
        0.9534883720930233,
        0.9534883720930233,
        1.0
      ]
    }
  },
  "summary": {
    "sklearn_attack_accuracy": 0.5972222222222222,
    "psi_attack_accuracy": 0.5416666666666666,
    "attack_reduction": 0.05555555555555558,
    "attack_reduction_pct": 9.302325581395353,
    "meets_requirement": false
  },
  "dataset": "pcs"
}