{
  "timestamp": "2025-08-07_17-25-59",
  "models": {
    "sklearn_lr": {
      "model_type": "sklearn_lr",
      "model_params": {
        "max_iter": 1000,
        "C": 1.0
      },
      "attack_params": {},
      "attack_accuracy": 0.4444444444444444,
      "attack_auc": 0.3881315156375301,
      "attack_precision": 0.5348837209302325,
      "attack_recall": 0.5348837209302325,
      "attack_f1": 0.5348837209302325,
      "confusion_matrix": [
        [
          9,
          20
        ],
        [
          20,
          23
        ]
      ],
      "execution_time": 0.19676566123962402,
      "fpr": [
        0.0,
        0.034482758620689655,
        0.06896551724137931,
        0.06896551724137931,
        0.13793103448275862,
        0.1724137931034483,
        0.1724137931034483,
        0.1724137931034483,
        0.27586206896551724,
        0.27586206896551724,
        0.3103448275862069,
        0.3103448275862069,
        0.3448275862068966,
        0.3448275862068966,
        0.3793103448275862,
        0.3793103448275862,
        0.5172413793103449,
        0.5172413793103449,
        0.5517241379310345,
        0.5517241379310345,
        0.6206896551724138,
        0.6206896551724138,
        0.6551724137931034,
        0.6551724137931034,
        0.6896551724137931,
        0.6896551724137931,
        0.7586206896551724,
        0.7586206896551724,
        0.7931034482758621,
        0.7931034482758621,
        0.7931034482758621,
        0.7931034482758621,
        0.8620689655172413,
        0.8620689655172413,
        0.896551724137931,
        0.9310344827586207,
        1.0,
        1.0
      ],
      "tpr": [
        0.0,
        0.0,
        0.0,
        0.023255813953488372,
        0.023255813953488372,
        0.023255813953488372,
        0.06976744186046512,
        0.13953488372093023,
        0.13953488372093023,
        0.18604651162790697,
        0.18604651162790697,
        0.20930232558139536,
        0.23255813953488372,
        0.27906976744186046,
        0.27906976744186046,
        0.3023255813953488,
        0.3023255813953488,
        0.32558139534883723,
        0.32558139534883723,
        0.37209302325581395,
        0.37209302325581395,
        0.3953488372093023,
        0.3953488372093023,
        0.46511627906976744,
        0.46511627906976744,
        0.5581395348837209,
        0.5581395348837209,
        0.6046511627906976,
        0.6046511627906976,
        0.6976744186046512,
        0.7441860465116279,
        0.813953488372093,
        0.813953488372093,
        0.8837209302325582,
        0.8837209302325582,
        0.9069767441860465,
        0.9069767441860465,
        1.0
      ]
    },
    "psi_lr": {
      "model_type": "psi_lr",
      "model_params": {},
      "attack_params": {},
      "attack_accuracy": 0.5,
      "attack_auc": 0.5252606255012029,
      "attack_precision": 0.5813953488372093,
      "attack_recall": 0.5813953488372093,
      "attack_f1": 0.5813953488372093,
      "confusion_matrix": [
        [
          11,
          18
        ],
        [
          18,
          25
        ]
      ],
      "execution_time": 10.16680383682251,
      "fpr": [
        0.0,
        0.0,
        0.034482758620689655,
        0.034482758620689655,
        0.06896551724137931,
        0.06896551724137931,
        0.13793103448275862,
        0.13793103448275862,
        0.1724137931034483,
        0.1724137931034483,
        0.20689655172413793,
        0.20689655172413793,
        0.2413793103448276,
        0.2413793103448276,
        0.27586206896551724,
        0.27586206896551724,
        0.3103448275862069,
        0.3103448275862069,
        0.3793103448275862,
        0.3793103448275862,
        0.5172413793103449,
        0.5172413793103449,
        0.7241379310344828,
        0.7241379310344828,
        0.7586206896551724,
        0.7586206896551724,
        0.8275862068965517,
        0.8275862068965517,
        0.8620689655172413,
        0.8620689655172413,
        0.896551724137931,
        0.896551724137931,
        0.9655172413793104,
        0.9655172413793104,
        1.0,
        1.0
      ],
      "tpr": [
        0.0,
        0.023255813953488372,
        0.046511627906976744,
        0.09302325581395349,
        0.09302325581395349,
        0.13953488372093023,
        0.13953488372093023,
        0.23255813953488372,
        0.23255813953488372,
        0.27906976744186046,
        0.27906976744186046,
        0.3023255813953488,
        0.3023255813953488,
        0.3953488372093023,
        0.3953488372093023,
        0.46511627906976744,
        0.46511627906976744,
        0.4883720930232558,
        0.4883720930232558,
        0.5581395348837209,
        0.5581395348837209,
        0.5813953488372093,
        0.5813953488372093,
        0.6046511627906976,
        0.627906976744186,
        0.7441860465116279,
        0.7441860465116279,
        0.7906976744186046,
        0.813953488372093,
        0.8372093023255814,
        0.8604651162790697,
        0.8837209302325582,
        0.8837209302325582,
        0.9302325581395349,
        0.9302325581395349,
        1.0
      ]
    }
  },
  "summary": {
    "sklearn_attack_accuracy": 0.4444444444444444,
    "psi_attack_accuracy": 0.5,
    "attack_reduction": -0.05555555555555558,
    "attack_reduction_pct": -12.500000000000005,
    "meets_requirement": false
  },
  "dataset": "pcs"
}